AggregationMethod,MeanDifference3minus1,CohenDz,CI95Lower,CI95Upper,ExactPairedSignFlipP,OmnibusStatistic,ExactOmnibusP,ValidSubjectCount
Mean across three blocks,0.0198811138486039,0.193862139987304,-0.0491244387056826,0.107926851585707,0.8125,0.0022635361707588,0.451388888888889,5
Median across three blocks,0.027561424488587,0.23994733349089,-0.0504102660088032,0.12661941753952,0.8125,0.000930958229245477,0.844907407407407,5
