FilterConfiguration,LowPassCutoffHz,SyntheticCorrelation,SyntheticPeakRetention,SyntheticRMSE
TDDR only,NaN,1,1,0
TDDR + LP 0.05 Hz,0.05,0.990541124436835,1.07825955106144,0.824599684027295
TDDR + LP 0.10 Hz,0.1,0.999567164565636,1.03778791894893,0.172369481826238
TDDR + LP 0.20 Hz,0.2,0.999997515242312,1.00456529310907,0.0129870990280641
